id,date
abc243_a,2022-03-12
abc243_b,2022-03-12
abc243_c,2022-03-12
abc243_d,2022-03-12
abc243_e,2022-03-12
arc136_a,2022-02-28
abc241_a,2022-02-26
abc241_b,2022-02-26
abc241_c,2022-02-26
abc241_d,2022-03-11
abc241_e,2022-02-26
abc240_a,2022-02-20
abc240_b,2022-02-20
abc240_c,2022-02-20
abc240_d,2022-02-20
abc240_e,2022-02-20
abc239_a,2022-02-19
abc239_b,2022-02-19
abc239_c,2022-02-19
abc239_d,2022-02-19
abc239_e,2022-02-19
abc239_f,2022-02-19
arc135_a,2022-02-13
arc135_b,2022-03-11
abc238_a,2022-02-05
abc238_b,2022-02-05
abc238_c,2022-02-05
abc238_d,2022-02-05
abc237_a,2022-01-30
abc237_b,2022-01-30
abc237_c,2022-01-30
abc237_d,2022-01-30
abc237_e,2022-01-30
arc134_a,2022-01-29
arc134_b,2022-01-29
abc236_a,2022-01-23
abc236_b,2022-01-23
abc236_c,2022-01-23
abc236_d,2022-01-24
arc133_a,2022-01-22
arc133_b,2022-01-23
abc235_e,2022-01-27
abc234_a,2022-01-08
abc234_b,2022-01-08
abc234_c,2022-01-08
abc234_d,2022-01-08
abc234_e,2022-01-08
abc233_a,2021-12-25
abc233_b,2021-12-25
abc233_c,2021-12-25
abc233_d,2021-12-26
abc233_e,2021-12-25
abc232_a,2021-12-19
abc232_b,2021-12-19
abc232_c,2021-12-19
abc232_d,2021-12-19
abc232_e,2022-01-27
agc056_a,2022-02-03
abc230_a,2022-02-12
abc230_b,2022-02-12
abc229_a,2021-11-27
abc229_b,2021-11-27
abc229_c,2021-11-27
abc229_d,2021-11-27
abc229_e,2021-11-27
abc227_a,2021-11-13
abc227_b,2021-11-13
abc227_c,2021-11-13
abc227_d,2021-12-20
abc226_e,2022-01-28
abc224_a,2021-10-23
abc224_b,2021-10-23
abc224_c,2021-10-23
abc224_d,2021-10-23
abc223_d,2022-01-25
abc222_a,2021-10-09
abc222_b,2021-10-09
abc222_c,2021-10-09
abc222_d,2021-10-09
abc221_a,2021-10-10
abc221_b,2021-10-10
abc221_c,2021-10-10
abc221_d,2021-10-10
abc220_a,2021-09-26
abc220_b,2021-09-26
abc220_c,2021-09-26
abc220_d,2021-09-26
abc220_f,2022-01-28
abc219_a,2021-10-10
abc219_b,2021-10-10
abc219_c,2021-10-10
abc219_d,2022-01-26
abc216_d,2022-01-26
abc216_e,2022-01-26
arc125_b,2022-02-04
abc214_a,2022-02-05
abc208_d,2022-01-26
arc119_c,2022-03-11
abc198_e,2022-01-26
agc053_a,2022-03-07
abc197_e,2022-03-11
abc196_d,2022-02-03
abc194_d,2022-01-27
arc113_d,2022-02-24
abc191_c,2022-02-05
abc191_e,2022-02-05
abc187_e,2022-03-06
abc184_d,2022-02-03
abc183_a,2022-02-03
abc183_b,2022-02-03
abc183_c,2022-02-03
abc183_d,2022-02-03
abc183_e,2022-02-03
arc107_c,2022-03-06
hhkb2020_e,2022-03-13
abc178_c,2022-02-05
abc176_d,2022-02-12
tokiomarine2020_c,2022-02-04
abc160_d,2021-12-27
agc043_a,2021-12-24
panasonic2020_b,2021-12-20
abc157_b,2021-12-20
abc157_d,2022-02-25
abc156_c,2021-10-11
abc154_e,2022-02-04
abc151_e,2022-03-01
abc148_e,2021-12-24
abc147_d,2022-02-24
sumitb2019_b,2021-12-20
sumitb2019_d,2021-12-27
nikkei2019_2_qual_b,2021-12-27
agc040_a,2021-12-23
abc142_d,2021-12-26
abc141_d,2021-12-24
abc139_b,2021-10-11
abc139_d,2021-12-23
jsc2019_qual_b,2021-12-24
abc137_d,2022-02-05
abc136_d,2021-12-24
abc134_e,2022-03-11
abc130_d,2021-12-26
abc128_d,2022-03-11
abc127_d,2021-12-24
abc126_d,2022-02-02
diverta2019_c,2021-12-27
abc125_d,2021-12-27
abc121_b,2021-12-20
abc121_d,2022-02-24
agc029_a,2021-12-23
abc106_a,2022-02-05
abc106_b,2022-02-05
abc106_c,2022-02-05
abc106_d,2022-02-05
abc104_c,2022-02-24
abc103_d,2022-02-02
abc098_b,2021-12-23
agc024_c,2022-02-02
arc097_b,2022-02-24
abc076_c,2021-12-24
abc075_b,2021-12-23
abc073_d,2022-03-11
arc082_a,2021-12-24
arc080_b,2022-01-19
abc066_b,2021-12-23
abc065_b,2021-12-23
abc064_c,2021-12-24
abc060_b,2021-12-24
abc057_b,2021-12-24
abc057_c,2021-12-27
abc054_b,2021-12-26
abc054_c,2022-02-11
agc010_a,2022-02-05
abc051_c,2021-12-28
abc048_b,2021-12-24
codefestival_2016_qualB_b,2021-12-20
