id,date,solve_prob,difficulty
abc238_a,2022-02-05,99,26
abc238_b,2022-02-05,99,183
abc238_c,2022-02-05,94,637
abc238_d,2022-02-05,82,921
abc237_a,2022-01-30,99,25
abc237_b,2022-01-30,99,48
abc237_c,2022-01-30,99,267
abc237_d,2022-01-30,96,544
abc237_e,2022-01-30,55,1208
arc134_a,2022-01-29,99,247
arc134_b,2022-01-29,81,934
abc236_a,2022-01-23,99,7
abc236_b,2022-01-23,99,29
abc236_c,2022-01-23,99,80
abc236_d,2022-01-24,57,1190
arc133_a,2022-01-22,99,265
arc133_b,2022-01-23,43,1317
abc235_e,2022-01-27,44,1304
abc234_a,2022-01-08,99,7
abc234_b,2022-01-08,99,46
abc234_c,2022-01-08,99,155
abc234_d,2022-01-08,97,503
abc234_e,2022-01-08,83,899
abc233_a,2021-12-25,99,9
abc233_b,2021-12-25,99,23
abc233_c,2021-12-25,95,604
abc233_d,2021-12-26,91,726
abc233_e,2021-12-25,78,969
abc232_a,2021-12-19,99,9
abc232_b,2021-12-19,99,82
abc232_c,2021-12-19,93,685
abc232_d,2021-12-19,96,539
abc232_e,2022-01-27,36,1380
agc056_a,2022-02-03,46,1290
abc230_a,2022-02-12,99,5
abc230_b,2022-02-12,99,37
abc229_a,2021-11-27,99,24
abc229_b,2021-11-27,99,42
abc229_c,2021-11-27,99,165
abc229_d,2021-11-27,91,745
abc229_e,2021-11-27,74,1015
abc227_a,2021-11-13,99,21
abc227_b,2021-11-13,99,30
abc227_c,2021-11-13,93,692
abc227_d,2021-12-20,15,1643
abc226_e,2022-01-28,42,1327
abc224_a,2021-10-23,99,6
abc224_b,2021-10-23,99,81
abc224_c,2021-10-23,99,301
abc224_d,2021-10-23,37,1376
abc223_d,2022-01-25,70,1069
abc222_a,2021-10-09,99,5
abc222_b,2021-10-09,99,9
abc222_c,2021-10-09,98,367
abc222_d,2021-10-09,85,865
abc221_a,2021-10-10,99,10
abc221_b,2021-10-10,99,58
abc221_c,2021-10-10,98,379
abc221_d,2021-10-10,87,832
abc220_a,2021-09-26,99,14
abc220_b,2021-09-26,99,58
abc220_c,2021-09-26,99,119
abc220_d,2021-09-26,93,664
abc220_f,2022-01-28,44,1304
abc219_a,2021-10-10,99,6
abc219_b,2021-10-10,99,18
abc219_c,2021-10-10,99,260
abc219_d,2022-01-26,68,1085
abc216_d,2022-01-26,72,1039
abc216_e,2022-01-26,68,1084
arc125_b,2022-02-04,48,1273
abc214_a,2022-02-05,99,4
abc208_d,2022-01-26,57,1190
abc198_e,2022-01-26,60,1161
abc196_d,2022-02-03,47,1277
abc194_d,2022-01-27,69,1078
abc191_c,2022-02-05,70,1063
abc191_e,2022-02-05,42,1323
abc184_d,2022-02-03,47,1276
abc183_a,2022-02-03,99,6
abc183_b,2022-02-03,99,128
abc183_c,2022-02-03,98,335
abc183_d,2022-02-03,93,662
abc183_e,2022-02-03,46,1288
abc178_c,2022-02-05,94,653
abc176_d,2022-02-12,51,1248
tokiomarine2020_c,2022-02-04,48,1274
abc160_d,2021-12-27,84,879
agc043_a,2021-12-24,81,934
panasonic2020_b,2021-12-20,99,224
abc157_b,2021-12-20,99,107
abc156_c,2021-10-11,99,85
abc154_e,2022-02-04,45,1298
abc148_e,2021-12-24,88,818
sumitb2019_b,2021-12-20,99,104
sumitb2019_d,2021-12-27,87,838
nikkei2019_2_qual_b,2021-12-27,86,841
agc040_a,2021-12-23,97,443
abc142_d,2021-12-26,87,827
abc141_d,2021-12-24,87,823
abc139_b,2021-10-11,99,123
abc139_d,2021-12-23,98,357
jsc2019_qual_b,2021-12-24,88,801
abc137_d,2022-02-05,43,1313
abc136_d,2021-12-24,89,794
abc130_d,2021-12-26,85,865
abc127_d,2021-12-24,84,887
abc126_d,2022-02-02,47,1279
diverta2019_c,2021-12-27,81,922
abc125_d,2021-12-27,87,833
abc121_b,2021-12-20,99,80
agc029_a,2021-12-23,98,423
abc106_a,2022-02-05,99,23
abc106_b,2022-02-05,99,122
abc106_c,2022-02-05,97,441
abc106_d,2022-02-05,43,1319
abc103_d,2022-02-02,47,1278
abc098_b,2021-12-23,98,360
agc024_c,2022-02-02,47,1279
abc076_c,2021-12-24,86,846
abc075_b,2021-12-23,98,369
arc082_a,2021-12-24,98,407
arc080_b,2022-01-19,86,852
abc066_b,2021-12-23,98,384
abc065_b,2021-12-23,97,459
abc064_c,2021-12-24,96,559
abc060_b,2021-12-24,97,503
abc057_b,2021-12-24,98,434
abc057_c,2021-12-27,83,904
abc054_b,2021-12-26,83,893
abc054_c,2022-02-11,51,1244
agc010_a,2022-02-05,99,0
abc051_c,2021-12-28,78,968
abc048_b,2021-12-24,85,861
codefestival_2016_qualB_b,2021-12-20,99,319
